"gauge_id","geol_1st_class","glim_1st_class_frac","geol_2nd_class","glim_2nd_class_frac","carb_rocks_frac","geol_porosity","geol_permeability","gauge_id2"
"03592718","Unconsolidated sediments","1","NA","0","0","0.2274","-12.7422",3592718
"08023080","Unconsolidated sediments","1","NA","0","0","0.2167","-13.0466",8023080
"01013500","Siliciclastic sedimentary rocks","0.815904446815535","Basic volcanic rocks","0.179729452382194","0","0.1714","-14.7019",1013500
"01022500","Acid plutonic rocks","0.590658158506066","Siliciclastic sedimentary rocks","0.164618210344753","0","0.071","-14.2138",1022500
"01030500","Siliciclastic sedimentary rocks","0.573305400935238","Metamorphics","0.287010005606611","0.0521400935487284","0.1178","-14.4918",1030500
"01031500","Siliciclastic sedimentary rocks","0.448927859249061","Metamorphics","0.443862824494092","0.0262579789051996","0.0747","-14.841",1031500
"01047000","Metamorphics","0.308488043880523","Acid plutonic rocks","0.288612546329161","0","0.0522","-14.4819",1047000
"01052500","Siliciclastic sedimentary rocks","0.497458334479149","Metamorphics","0.374061696779951","0","0.0711","-15.1658",1052500
"01054200","Metamorphics","0.87144277772791","Siliciclastic sedimentary rocks","0.104295202824522","0","0.0288","-14.2147",1054200
"01055000","Siliciclastic sedimentary rocks","0.680843374255509","Metamorphics","0.168363152735523","0","0.1455","-14.3578",1055000
"01057000","Metamorphics","0.451110620382826","Acid plutonic rocks","0.409240381612252","0.0774334159306445","0.0251","-13.9903",1057000
"01073000","Metamorphics","0.943375194531556","Acid plutonic rocks","0.0566248054684436","0","0.01","-14.1",1073000
"01078000","Acid plutonic rocks","0.535649718608006","Metamorphics","0.458790179882329","0","0.011","-14.1061",1078000
"01118300","Acid plutonic rocks","0.759567143145735","Metamorphics","0.240432856854265","0","0.01","-14.1",1118300
"01121000","Metamorphics","1","NA","0","0","0.01","-14.1",1121000
"01123000","Metamorphics","1","NA","0","0","0.01","-14.1",1123000
"01134500","Metamorphics","0.622420641760885","Acid plutonic rocks","0.369333601870038","0","0.0109","-14.1198",1134500
"01137500","Acid plutonic rocks","0.791579905460923","Metamorphics","0.198146815659468","0","0.01","-14.1",1137500
"01139000","Carbonate sedimentary rocks","0.521678756766897","Acid plutonic rocks","0.286851760273367","0.521678756766897","0.0371","-12.922",1139000
"01139800","Carbonate sedimentary rocks","1","NA","0","1","0.06","-11.8",1139800
"01142500","Carbonate sedimentary rocks","0.764501415297893","Metamorphics","0.0979583173139352","0.764501415297893","0.0585","-12.5655",1142500
"01144000","Metamorphics","0.663469277959176","Carbonate sedimentary rocks","0.323706719607693","0.323706719607693","0.0273","-13.3802",1144000
"01162500","Acid plutonic rocks","0.796052853540842","Metamorphics","0.203947146459158","0","0.01","-14.1",1162500
"01169000","Metamorphics","0.894390473275735","Siliciclastic sedimentary rocks","0.0859176613144848","0.0196918654097801","0.0204","-14.2609",1169000
"01170100","Metamorphics","0.538440036558264","Carbonate sedimentary rocks","0.318774098466062","0.318774098466062","0.0416","-13.7095",1170100
"01181000","Metamorphics","0.824255288283291","Acid plutonic rocks","0.165247556945932","0.00299517599801272","0.0112","-14.1061",1181000
"01187300","Siliciclastic sedimentary rocks","0.709479264050831","Acid plutonic rocks","0.143617007569745","0","0.1377","-14.8804",1187300
"01195100","Metamorphics","1","NA","0","0","0.01","-14.1",1195100
"01333000","Metamorphics","0.663358494099292","Carbonate sedimentary rocks","0.312362723516054","0.312362723516054","0.0302","-13.3765",1333000
"01350000","Siliciclastic sedimentary rocks","0.999449792702365","Water bodies","0.000550207297634583","0","0.1897","-15.2049",1350000
"01350080","Siliciclastic sedimentary rocks","0.997652206074361","Water bodies","0.00234779392563892","0","0.1802","-15.3774",1350080
"01350140","Siliciclastic sedimentary rocks","0.997893020338537","Water bodies","0.00210697966146313","0","0.1573","-15.8034",1350140
"01365000","Siliciclastic sedimentary rocks","1","NA","0","0","0.19","-15.2",1365000
"01411300","Unconsolidated sediments","1","NA","0","0","0.22","-13",1411300
"01413500","Siliciclastic sedimentary rocks","0.999905874798265","Water bodies","9.41252017347397e-05","0","0.19","-15.1998",1413500
"01414500","Siliciclastic sedimentary rocks","1","NA","0","0","0.19","-15.2",1414500
"01415000","Siliciclastic sedimentary rocks","1","NA","0","0","0.19","-15.2",1415000
"01423000","Siliciclastic sedimentary rocks","0.999860585552546","Water bodies","0.000139414447453777","0","0.19","-15.1997",1423000
"01434025","Siliciclastic sedimentary rocks","1","NA","0","0","0.19","-15.2",1434025
"01435000","Siliciclastic sedimentary rocks","0.999775793066617","Water bodies","0.000224206933382753","0","0.19","-15.1995",1435000
"01439500","Siliciclastic sedimentary rocks","0.998798736196798","Mixed sedimentary rocks","0.00120126380320172","0","0.1848","-15.2772",1439500
"01440000","Siliciclastic sedimentary rocks","0.844166670429744","Carbonate sedimentary rocks","0.149521985010988","0.149521985010988","0.1826","-14.227",1440000
"01440400","Siliciclastic sedimentary rocks","1","NA","0","0","0.1997","-14.8732",1440400
"01451800","Siliciclastic sedimentary rocks","0.997188070331833","Carbonate sedimentary rocks","0.00281192966816722","0.00281192966816722","0.134","-16.2182",1451800
"01466500","Unconsolidated sediments","1","NA","0","0","0.22","-13",1466500
"01484100","Unconsolidated sediments","1","NA","0","0","0.22","-13",1484100
"01485500","Unconsolidated sediments","1","NA","0","0","0.28","-10.9",1485500
"01486000","Unconsolidated sediments","1","NA","0","0","0.28","-10.9",1486000
"01487000","Unconsolidated sediments","1","NA","0","0","0.22","-13",1487000
"01491000","Unconsolidated sediments","1","NA","0","0","0.2365","-12.4235",1491000
"01510000","Mixed sedimentary rocks","0.836519363663835","Siliciclastic sedimentary rocks","0.0914729282084141","0.072007708127751","0.1221","-16.0426",1510000
"01516500","Siliciclastic sedimentary rocks","1","NA","0","0","0.1734","-15.4207",1516500
"01518862","Siliciclastic sedimentary rocks","1","NA","0","0","0.1615","-15.7286",1518862
"01532000","Siliciclastic sedimentary rocks","1","NA","0","0","0.1949","-14.736",1532000
"01539000","Siliciclastic sedimentary rocks","1","NA","0","0","0.1661","-15.5264",1539000
"01542810","Siliciclastic sedimentary rocks","1","NA","0","0","0.1953","-15.0206",1542810
"01543000","Siliciclastic sedimentary rocks","1","NA","0","0","0.2067","-14.6131",1543000
"01543500","Siliciclastic sedimentary rocks","1","NA","0","0","0.2146","-14.3537",1543500
"01544500","Siliciclastic sedimentary rocks","1","NA","0","0","0.1897","-15.1862",1544500
"01545600","Siliciclastic sedimentary rocks","1","NA","0","0","0.2206","-14.1559",1545600
"01547700","Siliciclastic sedimentary rocks","0.997024729715006","Carbonate sedimentary rocks","0.00297527028499441","0.00297527028499441","0.1826","-15.1697",1547700
"01548500","Siliciclastic sedimentary rocks","1","NA","0","0","0.2004","-14.8083",1548500
"01549500","Siliciclastic sedimentary rocks","1","NA","0","0","0.1958","-15.0026",1549500
"01550000","Siliciclastic sedimentary rocks","1","NA","0","0","0.2116","-14.3602",1550000
"01552000","Siliciclastic sedimentary rocks","1","NA","0","0","0.2093","-14.4365",1552000
"01552500","Siliciclastic sedimentary rocks","1","NA","0","0","0.1948","-15.0374",1552500
"01557500","Siliciclastic sedimentary rocks","0.926013295061592","Carbonate sedimentary rocks","0.0459601055434723","0.0459601055434723","0.1592","-15.272",1557500
"01567500","Siliciclastic sedimentary rocks","0.551590718676682","Carbonate sedimentary rocks","0.225621090995123","0.225621090995123","0.1141","-14.897",1567500
"02479300","Unconsolidated sediments","1","NA","0","0","0.2367","-12.4162",2479300
"01568000","Siliciclastic sedimentary rocks","0.531926570659407","Mixed sedimentary rocks","0.2126421097036","0.113782284235811","0.1027","-15.5296",1568000
"01580000","Metamorphics","0.999733839695157","Basic plutonic rocks","0.00026616030484326","0","0.01","-14.1",1580000
"01583500","Metamorphics","0.829405456786752","Carbonate sedimentary rocks","0.168434278878246","0.168434278878246","0.019","-13.7057",1583500
"01586610","Metamorphics","0.961900930450197","Basic volcanic rocks","0.0380990695498032","0","0.013","-14.039",1586610
"01591400","Metamorphics","0.993616014356905","Basic plutonic rocks","0.00638398564309513","0","0.01","-14.1",1591400
"01594950","Siliciclastic sedimentary rocks","1","NA","0","0","0.1321","-16.2759",1594950
"01596500","Siliciclastic sedimentary rocks","1","NA","0","0","0.1762","-15.2383",1596500
"01605500","Siliciclastic sedimentary rocks","0.642279561600673","Mixed sedimentary rocks","0.192518710553239","0.165201727846088","0.1845","-13.8824",1605500
"01606500","Siliciclastic sedimentary rocks","0.653422514096553","Carbonate sedimentary rocks","0.218157715931334","0.218157715931334","0.1651","-14.1648",1606500
"01613050","Siliciclastic sedimentary rocks","1","NA","0","0","0.1863","-15.2693",1613050
"01620500","Siliciclastic sedimentary rocks","1","NA","0","0","0.15","-15.9424",1620500
"01632000","Siliciclastic sedimentary rocks","0.904374610412785","Mixed sedimentary rocks","0.0815657883426893","0.0140596012445258","0.1627","-15.5394",1632000
"01632900","Carbonate sedimentary rocks","0.600787374828891","Siliciclastic sedimentary rocks","0.390739777455612","0.600787374828891","0.118","-12.9503",1632900
"01634500","Siliciclastic sedimentary rocks","0.763323565139575","Mixed sedimentary rocks","0.226186983282488","0.0104894515779372","0.1807","-15.0288",1634500
"01638480","Acid plutonic rocks","0.585641247292201","Metamorphics","0.215729590583884","0.00358403621985603","0.0249","-13.8061",1638480
"01639500","Metamorphics","0.625398343808927","Siliciclastic sedimentary rocks","0.27079113821372","0.0188350005556674","0.0692","-14.1274",1639500
"01644000","Acid plutonic rocks","0.551756051702972","Basic volcanic rocks","0.207084130301435","0.00186892239855705","0.0357","-13.7579",1644000
"01658500","Metamorphics","0.570399229177797","Siliciclastic sedimentary rocks","0.429600770822203","0","0.1217","-13.4126",1658500
"01664000","Metamorphics","0.526435602877036","Acid plutonic rocks","0.205444346041605","0.000526220239787649","0.036","-13.969",1664000
"01666500","Metamorphics","0.419864080188452","Siliciclastic sedimentary rocks","0.296386458255834","0.00471819521933519","0.0668","-14.2526",1666500
"01667500","Metamorphics","0.342850107287653","Siliciclastic sedimentary rocks","0.308524043821612","0.0018122148538136","0.0758","-14.1348",1667500
"01669000","Unconsolidated sediments","1","NA","0","0","0.22","-13",1669000
"01669520","Unconsolidated sediments","1","NA","0","0","0.2364","-12.4147",1669520
"02011400","Siliciclastic sedimentary rocks","0.602931221853005","Mixed sedimentary rocks","0.388764826510665","0.00749079206052457","0.1903","-14.6756",2011400
"02011460","Siliciclastic sedimentary rocks","0.907235232209663","Mixed sedimentary rocks","0.0885403388285152","0","0.1663","-15.5249",2011460
"02013000","Siliciclastic sedimentary rocks","0.845477711361184","Mixed sedimentary rocks","0.0952784034747456","0.0592438851640706","0.166","-15.1955",2013000
"02014000","Siliciclastic sedimentary rocks","0.806181306945497","Mixed sedimentary rocks","0.185444753536585","0.00837393951791807","0.1647","-15.4203",2014000
"02015700","Siliciclastic sedimentary rocks","0.552382367965338","Mixed sedimentary rocks","0.44625633066481","0.00129320601644648","0.1998","-14.4666",2015700
"02016000","Siliciclastic sedimentary rocks","0.74776708258271","Mixed sedimentary rocks","0.251907256519417","0.000309370607991626","0.1715","-15.2353",2016000
"02017500","Siliciclastic sedimentary rocks","0.691671969416604","Mixed sedimentary rocks","0.294438551481203","0.0138894791021928","0.1698","-15.1362",2017500
"02018000","Siliciclastic sedimentary rocks","0.757566645185594","Mixed sedimentary rocks","0.224710922823038","0.017722431991368","0.1626","-15.3324",2018000
"02027000","Metamorphics","0.52077053620051","Acid plutonic rocks","0.421060400475542","0","0.0128","-14.0448",2027000
"02027500","Acid plutonic rocks","0.621209557109168","Metamorphics","0.324502574527539","0","0.01","-14.1",2027500
"02028500","Metamorphics","0.604543414575887","Basic volcanic rocks","0.210707796101242","0","0.0271","-13.7687",2028500
"02038850","Siliciclastic sedimentary rocks","0.778358889973949","Metamorphics","0.154838599313989","0","0.0996","-15.8882",2038850
"02046000","Metamorphics","0.699590219483755","Acid plutonic rocks","0.255354173888654","0","0.0146","-14.046",2046000
"02051000","Metamorphics","0.891577846834585","Acid plutonic rocks","0.0929900485005312","0","0.01","-14.1",2051000
"02051500","Metamorphics","0.581439835258042","Acid plutonic rocks","0.346672892466263","0","0.0114","-14.0727",2051500
"02053200","Unconsolidated sediments","0.984255625085723","Siliciclastic sedimentary rocks","0.015744374914277","0","0.2195","-13.0346",2053200
"02053800","Metamorphics","0.480013578181848","Siliciclastic sedimentary rocks","0.326611715977813","0.0729889382588663","0.0496","-14.716",2053800
"02055100","Carbonate sedimentary rocks","0.711894666487338","Siliciclastic sedimentary rocks","0.233162934144311","0.711894666487338","0.0855","-12.9343",2055100
"02056900","Metamorphics","0.874492841440639","Acid plutonic rocks","0.0744660718315568","0","0.015","-14.1418",2056900
"02059500","Metamorphics","0.742918756453601","Siliciclastic sedimentary rocks","0.204644009130615","0.00410086073743985","0.0333","-14.5692",2059500
"02064000","Metamorphics","0.666461879225841","Siliciclastic sedimentary rocks","0.330859415166194","0","0.0533","-14.7619",2064000
"02065500","Acid volcanic rocks","0.341042015889036","Acid plutonic rocks","0.315779324696601","0","0.065","-14.1599",2065500
"02069700","Metamorphics","0.6446019839416","Acid plutonic rocks","0.179976130067979","0","0.0293","-14.521",2069700
"02070000","Metamorphics","0.750307914626826","Acid plutonic rocks","0.130250961945046","0","0.0154","-14.2184",2070000
"02074500","Metamorphics","0.849477169048237","Siliciclastic sedimentary rocks","0.0863988522272647","0","0.0312","-14.0036",2074500
"02077200","Metamorphics","1","NA","0","0","0.01","-14.1",2077200
"02081500","Metamorphics","0.814531673274444","Siliciclastic sedimentary rocks","0.178727035105163","0","0.0507","-14.0159",2081500
"02082950","Metamorphics","0.663425716451175","Acid plutonic rocks","0.25462301722777","0","0.0267","-14.0079",2082950
"02092500","Unconsolidated sediments","0.617161542361913","Carbonate sedimentary rocks","0.382838457638087","0.382838457638087","0.1587","-12.5406",2092500
"02096846","Metamorphics","0.810392128336641","Intermediate volcanic rocks","0.189607871663359","0","0.0252","-13.7966",2096846
"02102908","Unconsolidated sediments","0.984697843327091","Siliciclastic sedimentary rocks","0.0153021566729091","0","0.2786","-10.9658",2102908
"02108000","Unconsolidated sediments","0.931107645694035","Carbonate sedimentary rocks","0.0688923543059651","0.0688923543059651","0.209","-12.9173",2108000
"02111180","Metamorphics","1","NA","0","0","0.01","-14.1",2111180
"02111500","Metamorphics","1","NA","0","0","0.01","-14.1",2111500
"02112120","Metamorphics","0.829655125253756","Acid plutonic rocks","0.170344874746244","0","0.01","-14.1",2112120
"02112360","Metamorphics","1","NA","0","0","0.01","-14.1",2112360
"02118500","Metamorphics","1","NA","0","0","0.01","-14.1",2118500
"02125000","Siliciclastic sedimentary rocks","0.615394973786281","Metamorphics","0.384605026213719","0","0.1208","-14.7769",2125000
"02128000","Metamorphics","0.853690369881646","Siliciclastic sedimentary rocks","0.146309630118354","0","0.0363","-14.2609",2128000
"02137727","Metamorphics","0.997922127845432","Siliciclastic sedimentary rocks","0.00207787215456851","0","0.0104","-14.1023",2137727
"02140991","Metamorphics","0.958175752179893","Acid plutonic rocks","0.0418242478201066","0","0.01","-14.1",2140991
"02143000","Metamorphics","1","NA","0","0","0.01","-14.1",2143000
"02143040","Metamorphics","1","NA","0","0","0.01","-14.1",2143040
"02149000","Metamorphics","1","NA","0","0","0.01","-14.1",2149000
"02152100","Metamorphics","1","NA","0","0","0.01","-14.1",2152100
"02177000","Metamorphics","0.901321256484654","Acid plutonic rocks","0.0943378719034562","0","0.01","-14.1",2177000
"02178400","Metamorphics","0.957112234127722","Acid plutonic rocks","0.0362764598817192","0","0.0101","-14.0994",2178400
"02193340","Metamorphics","0.654942346952016","Acid plutonic rocks","0.345057653047984","0","0.01","-14.1",2193340
"02196000","Metamorphics","0.820199337841139","Acid plutonic rocks","0.137584164723251","0","0.0141","-14.0784",2196000
"02198100","Siliciclastic sedimentary rocks","1","NA","0","0","0.19","-15.2",2198100
"02202600","Unconsolidated sediments","0.7578625468364","Siliciclastic sedimentary rocks","0.24122003638425","0","0.2323","-12.847",2202600
"02212600","Metamorphics","0.876013614794757","Basic plutonic rocks","0.121695451287377","0","0.01","-14.1",2212600
"02215100","Carbonate sedimentary rocks","0.717558452821849","Unconsolidated sediments","0.183771705631641","0.717558452821849","0.0894","-12.5398",2215100
"02216180","Siliciclastic sedimentary rocks","1","NA","0","0","0.19","-15.2",2216180
"02221525","Metamorphics","0.998437365010984","Water bodies","0.00106099678432587","0","0.0102","-14.0988",2221525
"02231000","Unconsolidated sediments","0.939110290022701","Siliciclastic sedimentary rocks","0.0607075466921302","0","0.2217","-13.0101",2231000
"02231342","Unconsolidated sediments","0.98782094652533","Carbonate sedimentary rocks","0.0121790534746704","0.0121790534746704","0.2181","-12.9854",2231342
"02235200","Unconsolidated sediments","1","NA","0","0","0.22","-13",2235200
"02245500","Unconsolidated sediments","1","NA","0","0","0.22","-13",2245500
"02246000","Unconsolidated sediments","1","NA","0","0","0.22","-13",2246000
"02296500","Unconsolidated sediments","0.919545867808741","Siliciclastic sedimentary rocks","0.0804541321912587","0","0.2675","-11.431",2296500
"02297155","Unconsolidated sediments","0.967831721231695","Siliciclastic sedimentary rocks","0.0321682787683052","0","0.219","-13.0708",2297155
"02297310","Siliciclastic sedimentary rocks","0.596948710525639","Unconsolidated sediments","0.403051289474361","0","0.2021","-14.3133",2297310
"02298123","Carbonate sedimentary rocks","0.614796827160728","Unconsolidated sediments","0.356563630868354","0.614796827160728","0.1313","-11.9556",2298123
"02298608","Unconsolidated sediments","0.972752699866987","Siliciclastic sedimentary rocks","0.027247300133013","0","0.2192","-13.0599",2298608
"02299950","Unconsolidated sediments","1","NA","0","0","0.22","-13",2299950
"02300700","Unconsolidated sediments","0.701885393419089","Siliciclastic sedimentary rocks","0.290839797499045","0.00727480908186606","0.2101","-13.6311",2300700
"02310947","Unconsolidated sediments","0.858097778170796","Carbonate sedimentary rocks","0.141902221829204","0.141902221829204","0.2462","-11.1176",2310947
"02312200","Unconsolidated sediments","0.510069567308172","Carbonate sedimentary rocks","0.489930432691828","0.489930432691828","0.169","-11.4552",2312200
"02314500","Unconsolidated sediments","0.999496118859787","Water bodies","0.000503881140213435","0","0.2543","-11.7986",2314500
"02315500","Unconsolidated sediments","0.866708418434288","Siliciclastic sedimentary rocks","0.132503555405379","0","0.2452","-12.269",2315500
"02324400","Unconsolidated sediments","1","NA","0","0","0.22","-13",2324400
"02327100","Unconsolidated sediments","0.970085266905506","Carbonate sedimentary rocks","0.0299147330944936","0.0299147330944936","0.2152","-12.9641",2327100
"02342933","Unconsolidated sediments","0.987847403043524","Mixed sedimentary rocks","0.0121525969564764","0","0.2272","-12.7573",2342933
"02349900","Carbonate sedimentary rocks","0.866706259604174","Siliciclastic sedimentary rocks","0.132749353310773","0.866706259604174","0.0773","-12.2525",2349900
"02350900","Unconsolidated sediments","0.911789317394303","Siliciclastic sedimentary rocks","0.0767788755171916","0.0101653321950688","0.2325","-12.5837",2350900
"02361000","Unconsolidated sediments","0.724140833697359","Siliciclastic sedimentary rocks","0.219605919884016","0","0.1628","-14.2703",2361000
"02363000","Unconsolidated sediments","0.998605882041568","Siliciclastic sedimentary rocks","0.00139374370435393","0","0.2022","-13.169",2363000
"02369800","Unconsolidated sediments","1","NA","0","0","0.22","-13",2369800
"02371500","Unconsolidated sediments","0.980385220860512","Carbonate sedimentary rocks","0.0119474826491956","0.0119474826491956","0.2036","-13.1163",2371500
"02372250","Unconsolidated sediments","0.984187427355848","Carbonate sedimentary rocks","0.0158125726441524","0.0158125726441524","0.2051","-12.9898",2372250
"02374500","Unconsolidated sediments","0.715709380153751","Mixed sedimentary rocks","0.201239553930455","0","0.209","-13.6157",2374500
"02381600","Metamorphics","1","NA","0","0","0.01","-14.1",2381600
"02384540","Siliciclastic sedimentary rocks","1","NA","0","0","0.12","-16.5",2384540
"02395120","Carbonate sedimentary rocks","0.528965418071906","Mixed sedimentary rocks","0.296315100760036","0.528965418071906","0.1005","-13.7867",2395120
"02408540","Metamorphics","0.938780326828308","Acid plutonic rocks","0.0476663418452458","0","0.0114","-14.0771",2408540
"02415000","Metamorphics","0.899083116448072","Acid plutonic rocks","0.095760354416398","0","0.0104","-14.0917",2415000
"02422500","Unconsolidated sediments","0.955011810253244","Metamorphics","0.0262318414410296","0","0.2241","-12.7146",2422500
"02427250","Unconsolidated sediments","0.998631606319578","Siliciclastic sedimentary rocks","0.00135856971654971","9.82396387263089e-06","0.1718","-13.6538",2427250
"02430085","Unconsolidated sediments","1","NA","0","0","0.22","-13",2430085
"02430615","Unconsolidated sediments","1","NA","0","0","0.22","-13",2430615
"02450250","Siliciclastic sedimentary rocks","0.849873109911303","Carbonate sedimentary rocks","0.150117891116237","0.150117891116237","0.1705","-14.6896",2450250
"02464000","Siliciclastic sedimentary rocks","0.778522124494805","Unconsolidated sediments","0.221477875505195","0","0.1421","-15.7248",2464000
"02464146","Unconsolidated sediments","0.634121639656833","Siliciclastic sedimentary rocks","0.365878360343167","0","0.1834","-14.2806",2464146
"02464360","Unconsolidated sediments","0.745173159151308","Siliciclastic sedimentary rocks","0.254826840848692","0","0.1945","-13.8919",2464360
"02465493","Unconsolidated sediments","1","NA","0","0","0.232","-12.5809",2465493
"02469800","Unconsolidated sediments","0.865019346916069","Siliciclastic sedimentary rocks","0.134980653083931","0","0.209","-13.3145",2469800
"02472000","Unconsolidated sediments","0.903489166041712","Carbonate sedimentary rocks","0.0965108339582878","0.0965108339582878","0.2287","-12.0405",2472000
"02472500","Unconsolidated sediments","1","NA","0","0","0.2487","-11.9951",2472500
"02479155","Unconsolidated sediments","1","NA","0","0","0.2585","-11.6529",2479155
"02479560","Unconsolidated sediments","1","NA","0","0","0.2379","-12.3745",2479560
"02481000","Unconsolidated sediments","1","NA","0","0","0.2428","-12.2024",2481000
"02481510","Unconsolidated sediments","1","NA","0","0","0.2518","-11.8855",2481510
"03010655","Siliciclastic sedimentary rocks","1","NA","0","0","0.1893","-15.1986",3010655
"03011800","Siliciclastic sedimentary rocks","1","NA","0","0","0.2501","-13.1728",3011800
"03015500","Siliciclastic sedimentary rocks","1","NA","0","0","0.175","-15.466",3015500
"03021350","Siliciclastic sedimentary rocks","0.999982313960869","Water bodies","1.76860391311801e-05","0","0.1276","-16.3597",3021350
"03026500","Siliciclastic sedimentary rocks","1","NA","0","0","0.2212","-14.1475",3026500
"03028000","Siliciclastic sedimentary rocks","1","NA","0","0","0.2278","-13.925",3028000
"03049000","Siliciclastic sedimentary rocks","1","NA","0","0","0.1909","-15.1617",3049000
"03049800","Siliciclastic sedimentary rocks","1","NA","0","0","0.1451","-16.0333",3049800
"03050000","Siliciclastic sedimentary rocks","0.872262609579569","Unconsolidated sediments","0.072551286798189","0.0551861036222423","0.1797","-14.9513",3050000
"03066000","Siliciclastic sedimentary rocks","0.679580695049861","Carbonate sedimentary rocks","0.320419304950139","0.320419304950139","0.1388","-14.2876",3066000
"03069500","Siliciclastic sedimentary rocks","0.859052474111147","Carbonate sedimentary rocks","0.138111208510196","0.138111208510196","0.168","-14.8012",3069500
"03070500","Siliciclastic sedimentary rocks","0.998165405076187","Carbonate sedimentary rocks","0.00183459492381281","0.00183459492381281","0.1809","-15.2815",3070500
"03076600","Siliciclastic sedimentary rocks","1","NA","0","0","0.1923","-14.6633",3076600
"03078000","Siliciclastic sedimentary rocks","1","NA","0","0","0.148","-15.9667",3078000
"03140000","Siliciclastic sedimentary rocks","1","NA","0","0","0.12","-16.5",3140000
"03144000","Siliciclastic sedimentary rocks","1","NA","0","0","0.1337","-16.1342",3144000
"03159540","Siliciclastic sedimentary rocks","1","NA","0","0","0.12","-16.5",3159540
"03161000","Metamorphics","1","NA","0","0","0.01","-14.1",3161000
"03164000","Metamorphics","0.720980819190773","Acid plutonic rocks","0.200737153278384","0","0.0225","-14.0123",3164000
"03165000","Metamorphics","0.691696042096722","Siliciclastic sedimentary rocks","0.308303957903278","0","0.0439","-14.8399",3165000
"03170000","Metamorphics","0.820654484154169","Siliciclastic sedimentary rocks","0.174657729253726","0.00468778659210414","0.0363","-14.3792",3170000
"03173000","Siliciclastic sedimentary rocks","0.751739745108573","Carbonate sedimentary rocks","0.174389914067547","0.174389914067547","0.129","-15.3197",3173000
"03180500","Siliciclastic sedimentary rocks","0.978574042563195","Carbonate sedimentary rocks","0.0214259574368052","0.0214259574368052","0.187","-15.1304",3180500
"03182500","Siliciclastic sedimentary rocks","0.866232227997447","Carbonate sedimentary rocks","0.0968108325597525","0.0968108325597525","0.1711","-14.9304",3182500
"03186500","Siliciclastic sedimentary rocks","1","NA","0","0","0.19","-15.2",3186500
"03187500","Siliciclastic sedimentary rocks","0.98259120857879","Unconsolidated sediments","0.0174087914212095","0","0.1905","-15.1617",3187500
"03213700","Siliciclastic sedimentary rocks","0.984140621186275","Mixed sedimentary rocks","0.0105901124401872","0.00526926637353809","0.1735","-15.4761",3213700
"03237280","Siliciclastic sedimentary rocks","0.991472145616181","Carbonate sedimentary rocks","0.00852785438381957","0.00852785438381957","0.122","-16.4139",3237280
"03237500","Mixed sedimentary rocks","0.646418702443683","Carbonate sedimentary rocks","0.215456675248387","0.215456675248387","0.1088","-15.4558",3237500
"03238500","Mixed sedimentary rocks","0.663552978362697","Carbonate sedimentary rocks","0.336447021637303","0.336447021637303","0.0998","-14.9187",3238500
"03241500","Carbonate sedimentary rocks","0.871500920547649","Mixed sedimentary rocks","0.128499079452351","0.871500920547649","0.0677","-12.4039",3241500
"03280700","Siliciclastic sedimentary rocks","1","NA","0","0","0.1743","-15.4907",3280700
"03281100","Siliciclastic sedimentary rocks","0.988201352473418","Unconsolidated sediments","0.0117986475265822","0","0.1317","-16.2624",3281100
"03281500","Siliciclastic sedimentary rocks","0.990075437682718","Unconsolidated sediments","0.00992456231728149","0","0.1378","-16.1537",3281500
"03285000","Carbonate sedimentary rocks","0.518657830264072","Siliciclastic sedimentary rocks","0.292415734854499","0.518657830264072","0.0949","-13.9498",3285000
"03291780","Carbonate sedimentary rocks","1","NA","0","1","0.06","-11.8",3291780
"03300400","Mixed sedimentary rocks","0.796357744597813","Carbonate sedimentary rocks","0.195243528063585","0.195243528063585","0.1084","-15.5792",3300400
"03338780","Siliciclastic sedimentary rocks","0.674635433744648","Mixed sedimentary rocks","0.231254232545587","0.0941103337097648","0.1608","-15.1955",3338780
"03340800","Mixed sedimentary rocks","0.980283729316755","Carbonate sedimentary rocks","0.0167879562093645","0.0167879562093645","0.1192","-16.4173",3340800
"03346000","Siliciclastic sedimentary rocks","0.588651599921678","Carbonate sedimentary rocks","0.398747227600511","0.398747227600511","0.1373","-13.8606",3346000
"03357350","Mixed sedimentary rocks","0.918497810648034","Carbonate sedimentary rocks","0.0815021893519662","0.0815021893519662","0.1151","-16.1169",3357350
"03364500","Carbonate sedimentary rocks","1","NA","0","1","0.06","-11.8",3364500
"03366500","Carbonate sedimentary rocks","0.857377770513553","Siliciclastic sedimentary rocks","0.142622229486447","0.857377770513553","0.0686","-12.4703",3366500
"03368000","Carbonate sedimentary rocks","1","NA","0","1","0.06","-11.8",3368000
"03384450","Siliciclastic sedimentary rocks","1","NA","0","0","0.19","-15.2",3384450
"03439000","Metamorphics","0.647692784590097","Acid plutonic rocks","0.352307215409903","0","0.01","-14.1",3439000
"03450000","Metamorphics","1","NA","0","0","0.01","-14.1",3450000
"03455500","Metamorphics","1","NA","0","0","0.01","-14.1",3455500
"03456500","Metamorphics","1","NA","0","0","0.01","-14.1",3456500
"03460000","Metamorphics","0.802664551627175","Siliciclastic sedimentary rocks","0.197335448372825","0","0.0607","-13.8009",3460000
"03463300","Metamorphics","1","NA","0","0","0.01","-14.1",3463300
"03471500","Siliciclastic sedimentary rocks","0.615496264945911","Carbonate sedimentary rocks","0.384503735054089","0.384503735054089","0.1484","-13.5244",3471500
"03473000","Siliciclastic sedimentary rocks","0.444259241426551","Carbonate sedimentary rocks","0.311902361703788","0.311902361703788","0.1169","-13.4257",3473000
"03479000","Metamorphics","0.950998809032443","Acid plutonic rocks","0.0490011909675571","0","0.01","-14.1",3479000
"03488000","Siliciclastic sedimentary rocks","0.698636811964852","Carbonate sedimentary rocks","0.181587266716014","0.181587266716014","0.1347","-15.1605",3488000
"03498500","Siliciclastic sedimentary rocks","0.589742111260871","Carbonate sedimentary rocks","0.205910183390597","0.205910183390597","0.1434","-14.6682",3498500
"03500000","Metamorphics","0.800032571439631","Acid plutonic rocks","0.195822063097363","0","0.01","-14.1",3500000
"03500240","Metamorphics","1","NA","0","0","0.01","-14.1",3500240
"03504000","Metamorphics","1","NA","0","0","0.01","-14.1",3504000
"03574500","Carbonate sedimentary rocks","0.529630566554591","Siliciclastic sedimentary rocks","0.33560839742396","0.529630566554591","0.1252","-13.0532",3574500
"03604000","Siliciclastic sedimentary rocks","0.752180992433543","Carbonate sedimentary rocks","0.219200660617508","0.219200660617508","0.1097","-15.3696",3604000
"04015330","Basic volcanic rocks","0.660215290815086","Basic plutonic rocks","0.339693693717424","0","0.0628","-13.0436",4015330
"04024430","Siliciclastic sedimentary rocks","0.640746401219068","Basic volcanic rocks","0.316238335445603","0","0.1771","-13.3583",4024430
"04027000","Siliciclastic sedimentary rocks","0.349075276574417","Basic volcanic rocks","0.22010073581504","0","0.0963","-13.9437",4027000
"04040500","Siliciclastic sedimentary rocks","0.812453268756799","Metamorphics","0.187546731243201","0","0.1442","-15.2173",4040500
"04043050","Basic volcanic rocks","0.629131441697012","Siliciclastic sedimentary rocks","0.370868558302987","0","0.1271","-13.5013",4043050
"04045500","Carbonate sedimentary rocks","0.69362956443155","Siliciclastic sedimentary rocks","0.253162856822983","0.69362956443155","0.0797","-13.215",4045500
"04056500","Carbonate sedimentary rocks","0.757852576005605","Siliciclastic sedimentary rocks","0.183082225285311","0.757852576005605","0.0767","-12.8981",4056500
"04057510","Carbonate sedimentary rocks","0.757626868237633","Siliciclastic sedimentary rocks","0.241890266845131","0.757626868237633","0.0745","-12.9392",4057510
"04057800","Metamorphics","0.768265978963594","Siliciclastic sedimentary rocks","0.231734021036406","0","0.0358","-14.6509",4057800
"04059500","Siliciclastic sedimentary rocks","0.461609619194202","Carbonate sedimentary rocks","0.410948191000787","0.410948191000787","0.1141","-13.6525",4059500
"04063700","Acid plutonic rocks","0.663717516554693","Basic volcanic rocks","0.336282483445307","0","0.0369","-13.5619",4063700
"04074950","Metamorphics","0.467018502255837","Basic volcanic rocks","0.318967144419434","0","0.0426","-13.4489",4074950
"04105700","Siliciclastic sedimentary rocks","0.760538193119705","Mixed sedimentary rocks","0.239461806880295","0","0.1634","-15.6936",4105700
"04115265","Siliciclastic sedimentary rocks","1","NA","0","0","0.1501","-15.9413",4115265
"04122200","Siliciclastic sedimentary rocks","0.908354932486883","Carbonate sedimentary rocks","0.0916450675131171","0.0916450675131171","0.1287","-15.806",4122200
"04122500","Siliciclastic sedimentary rocks","0.893355049028289","Carbonate sedimentary rocks","0.0896177522168549","0.0896177522168549","0.1479","-15.4606",4122500
"04124000","Siliciclastic sedimentary rocks","0.601540766858586","Mixed sedimentary rocks","0.379684625269857","0.0187746078715571","0.1338","-16.1341",4124000
"04127918","Carbonate sedimentary rocks","0.746355342696962","Siliciclastic sedimentary rocks","0.184819028166796","0.746355342696962","0.0752","-12.9921",4127918
"04127997","Mixed sedimentary rocks","0.702763628915581","Carbonate sedimentary rocks","0.173302870800827","0.173302870800827","0.1117","-15.6474",4127997
"04161580","Mixed sedimentary rocks","1","NA","0","0","0.12","-16.5",4161580
"04185000","Siliciclastic sedimentary rocks","0.54339835231288","Mixed sedimentary rocks","0.45660164768712","0","0.1254","-16.4001",4185000
"04196800","Carbonate sedimentary rocks","1","NA","0","1","0.06","-11.8",4196800
"04197100","Siliciclastic sedimentary rocks","0.672442045613854","Carbonate sedimentary rocks","0.202901159447827","0.202901159447827","0.1161","-15.3924",4197100
"04197170","Carbonate sedimentary rocks","0.756871055421064","Mixed sedimentary rocks","0.127442330278603","0.756871055421064","0.0746","-12.9427",4197170
"04213000","Siliciclastic sedimentary rocks","1","NA","0","0","0.1779","-15.4256",4213000
"04213075","Siliciclastic sedimentary rocks","1","NA","0","0","0.1513","-15.9184",4213075
"04216418","Siliciclastic sedimentary rocks","0.989053228077678","Mixed sedimentary rocks","0.0059838397708922","0","0.1351","-16.2122",4216418
"04221000","Siliciclastic sedimentary rocks","1","NA","0","0","0.1431","-16.0641",4221000
"04224775","Siliciclastic sedimentary rocks","1","NA","0","0","0.1338","-16.2436",4224775
"04233000","Siliciclastic sedimentary rocks","0.833838325747043","Mixed sedimentary rocks","0.166161674252957","0","0.1204","-16.4933",4233000
"04256000","Metamorphics","0.808323502882156","Unconsolidated sediments","0.178433422116198","0","0.0475","-13.9037",4256000
"04296000","Carbonate sedimentary rocks","0.664550340287313","Metamorphics","0.194729912849098","0.664550340287313","0.0512","-12.7163",4296000
"05056000","Unconsolidated sediments","0.984864290467947","Siliciclastic sedimentary rocks","0.0109466967184578","0","0.1698","-13.5543",5056000
"05057000","Unconsolidated sediments","0.973592738478195","Siliciclastic sedimentary rocks","0.0231940232313623","0","0.1678","-13.6233",5057000
"05057200","Unconsolidated sediments","0.998473905116043","Water bodies","0.00152609488395686","0","0.1707","-13.5073",5057200
"05062500","Acid plutonic rocks","0.596955879668718","Basic volcanic rocks","0.252261129407413","0","0.0376","-13.7416",5062500
"05087500","Metamorphics","0.371331008537992","Intermediate plutonic rocks","0.255913434988446","0","0.0489","-13.7523",5087500
"05120500","Unconsolidated sediments","0.998402639784881","Water bodies","0.00159736021511921","0","0.1598","-13.7671",5120500
"05123400","Unconsolidated sediments","0.999838202473087","Mixed sedimentary rocks","0.000161797526913349","0","0.1617","-13.7206",5123400
"05129115","Metamorphics","0.665096749845499","Acid plutonic rocks","0.130206867330549","0","0.0345","-14.0593",5129115
"05131500","Metamorphics","0.411344669496105","Siliciclastic sedimentary rocks","0.269203869686815","0","0.0649","-14.2673",5131500
"05291000","Unconsolidated sediments","1","NA","0","0","0.1537","-13.9127",5291000
"05362000","Metamorphics","0.586033909882225","Basic volcanic rocks","0.280269298851978","0","0.0336","-13.6393",5362000
"05393500","Metamorphics","0.9999599510003","Basic plutonic rocks","4.0048999699735e-05","0","0.01","-14.1",5393500
"05399500","Acid plutonic rocks","0.429866036800679","Metamorphics","0.367219416810216","0","0.0365","-13.7795",5399500
"05408000","Mixed sedimentary rocks","0.555203199646282","Carbonate sedimentary rocks","0.444796800353718","0.444796800353718","0.1766","-12.1886",5408000
"05412500","Carbonate sedimentary rocks","0.701516318337579","Mixed sedimentary rocks","0.298483681662421","0.701516318337579","0.0779","-13.2029",5412500
"05413500","Carbonate sedimentary rocks","0.641304725089662","Mixed sedimentary rocks","0.358695274910338","0.641304725089662","0.1353","-12.0511",5413500
"05414000","Carbonate sedimentary rocks","0.691278595575542","Mixed sedimentary rocks","0.308721404424458","0.691278595575542","0.1248","-12.0161",5414000
"05444000","Carbonate sedimentary rocks","0.85335419257346","Mixed sedimentary rocks","0.14664580742654","0.85335419257346","0.0798","-12.1966",5444000
"05454000","Carbonate sedimentary rocks","1","NA","0","1","0.06","-11.8",5454000
"05458000","Carbonate sedimentary rocks","0.985233705024963","Siliciclastic sedimentary rocks","0.0147662949750367","0.985233705024963","0.0609","-11.8694",5458000
"05466500","Siliciclastic sedimentary rocks","0.640842667534692","Mixed sedimentary rocks","0.326072191460081","0.0330851410052271","0.1614","-15.5393",5466500
"05487980","Siliciclastic sedimentary rocks","0.465504709804851","Mixed sedimentary rocks","0.405559762966487","0.128935527228662","0.1172","-15.8028",5487980
"05488200","Siliciclastic sedimentary rocks","0.979147259966688","Mixed sedimentary rocks","0.0208527400333122","0","0.12","-16.5",5488200
"05489000","Siliciclastic sedimentary rocks","0.971476002586052","Mixed sedimentary rocks","0.0241897972290126","0.00433420018493542","0.1198","-16.4793",5489000
"05495000","Siliciclastic sedimentary rocks","0.80010241029549","Carbonate sedimentary rocks","0.198942186259665","0.198942186259665","0.1081","-15.5626",5495000
"05495500","Carbonate sedimentary rocks","0.789407744611313","Mixed sedimentary rocks","0.171894982898906","0.789407744611313","0.0753","-12.7395",5495500
"05501000","Carbonate sedimentary rocks","0.904773216142982","Siliciclastic sedimentary rocks","0.0952267838570177","0.904773216142982","0.0725","-12.1192",5501000
"05503800","Siliciclastic sedimentary rocks","0.898008966921272","Carbonate sedimentary rocks","0.101991033078728","0.101991033078728","0.1767","-14.8532",5503800
"05507600","Carbonate sedimentary rocks","0.829122636378632","Siliciclastic sedimentary rocks","0.170877363621368","0.829122636378632","0.0822","-12.381",5507600
"05508805","Carbonate sedimentary rocks","0.66736607764904","Siliciclastic sedimentary rocks","0.33263392235096","0.66736607764904","0.1032","-12.931",5508805
"05514500","Carbonate sedimentary rocks","0.749627204373287","Siliciclastic sedimentary rocks","0.250372795626713","0.749627204373287","0.0925","-12.6513",5514500
"05525500","Carbonate sedimentary rocks","0.482991084749905","Siliciclastic sedimentary rocks","0.266622441269853","0.482991084749905","0.1047","-13.975",5525500
"05556500","Carbonate sedimentary rocks","0.52954243924008","Mixed sedimentary rocks","0.283591024443003","0.52954243924008","0.1214","-13.2329",5556500
"05584500","Carbonate sedimentary rocks","0.538811438135377","Siliciclastic sedimentary rocks","0.241071170017175","0.538811438135377","0.1045","-13.6542",5584500
"05585000","Carbonate sedimentary rocks","0.444550622703023","Mixed sedimentary rocks","0.304943044428201","0.444550622703023","0.1109","-14.085",5585000
"05591550","Siliciclastic sedimentary rocks","1","NA","0","0","0.19","-15.2",5591550
"05592050","Siliciclastic sedimentary rocks","1","NA","0","0","0.19","-15.2",5592050
"05592575","Siliciclastic sedimentary rocks","1","NA","0","0","0.19","-15.2",5592575
"05593575","Carbonate sedimentary rocks","0.765769748641918","Siliciclastic sedimentary rocks","0.234230251358082","0.765769748641918","0.0904","-12.5964",5593575
"05593900","Carbonate sedimentary rocks","0.997612073644707","Siliciclastic sedimentary rocks","0.00238792635529275","0.997612073644707","0.0603","-11.8081",5593900
"05595730","Carbonate sedimentary rocks","0.749218139848958","Siliciclastic sedimentary rocks","0.250781860151042","0.749218139848958","0.0926","-12.6527",5595730
"06037500","Acid volcanic rocks","0.846379263831752","Unconsolidated sediments","0.148046386579409","0.000232933577629246","0.154","-12.7442",6037500
"06043500","Siliciclastic sedimentary rocks","0.296662378633003","Metamorphics","0.254057985485992","0.094635753332044","0.1012","-14.4232",6043500
"06154410","Carbonate sedimentary rocks","0.428846907163574","Intermediate plutonic rocks","0.319297842822457","0.428846907163574","0.0611","-13.3545",6154410
"06188000","Intermediate volcanic rocks","0.551447747638714","Unconsolidated sediments","0.191990404746454","0.0947513107460154","0.1079","-12.674",6188000
"06191500","Intermediate volcanic rocks","0.384368284543264","Unconsolidated sediments","0.204852645731489","0.0329991950256008","0.1396","-12.9291",6191500
"06221400","Metamorphics","0.379169732990129","Acid plutonic rocks","0.331293876672969","0.0941487402002535","NA","-14.1412",6221400
"06224000","Metamorphics","0.529861227536962","Acid plutonic rocks","0.369166122526313","0.0361954980279481","NA","-14.1064",6224000
"06278300","Acid plutonic rocks","0.946108017217568","Unconsolidated sediments","0.0405431344348935","0","0.0185","-14.0554",6278300
"06280300","Siliciclastic sedimentary rocks","0.786648963462242","Unconsolidated sediments","0.09129291223659","0","0.1387","-13.6275",6280300
"06289000","Carbonate sedimentary rocks","0.758824247736797","Unconsolidated sediments","0.113743703431666","0.758824247736797","0.0918","-12.1444",6289000
"06291500","Carbonate sedimentary rocks","0.40680958123534","Siliciclastic sedimentary rocks","0.3139700511903","0.40680958123534","0.1249","-13.8996",6291500
"06311000","Metamorphics","0.790209981180385","Siliciclastic sedimentary rocks","0.190001972961669","0.0197880458579458","0.0442","-14.2821",6311000
"06332515","Unconsolidated sediments","0.991565074716835","Siliciclastic sedimentary rocks","0.00843492528316537","0","0.2179","-13.0452",6332515
"06339100","Unconsolidated sediments","0.989231231686401","Siliciclastic sedimentary rocks","0.0107687683135985","0","0.2197","-13.0237",6339100
"06339500","Unconsolidated sediments","0.969931535925501","Siliciclastic sedimentary rocks","0.029973732844609","0","0.2074","-13.2317",6339500
"06344600","Unconsolidated sediments","0.983098076035488","Siliciclastic sedimentary rocks","0.0169019239645123","0","0.2195","-13.0372",6344600
"06350000","Unconsolidated sediments","0.986190484834622","Siliciclastic sedimentary rocks","0.0137780579893581","0","0.2194","-13.0304",6350000
"06352000","Unconsolidated sediments","0.998667780414871","Mixed sedimentary rocks","0.000827999900563756","0","0.2206","-12.9728",6352000
"06353000","Unconsolidated sediments","0.946747545203828","Siliciclastic sedimentary rocks","0.0528261804926513","0","0.2167","-13.1298",6353000
"06354000","Unconsolidated sediments","0.972454320906702","Siliciclastic sedimentary rocks","0.0272050875149156","0","0.2176","-13.0703",6354000
"06360500","Siliciclastic sedimentary rocks","0.876742855750927","Unconsolidated sediments","0.123257144249073","0","0.1657","-15.4093",6360500
"06404000","Metamorphics","0.656873992510644","Acid plutonic rocks","0.309576749787032","0","0.0133","-14.0612",6404000
"06406000","Metamorphics","0.452560595900876","Siliciclastic sedimentary rocks","0.263270070309326","0.0604696221401325","0.0619","-14.3357",6406000
"06408700","Carbonate sedimentary rocks","0.839549389754399","Metamorphics","0.102309854675168","0.839549389754399","0.0624","-12.233",6408700
"06409000","Carbonate sedimentary rocks","0.764987788852965","Siliciclastic sedimentary rocks","0.160183658516796","0.764987788852965","0.0789","-12.5115",6409000
"06431500","Carbonate sedimentary rocks","0.622672140343926","Siliciclastic sedimentary rocks","0.287305340119463","0.622672140343926","0.1","-12.9291",6431500
"06440200","Siliciclastic sedimentary rocks","0.826251057226108","Unconsolidated sediments","0.173748942773892","0","0.1299","-15.9866",6440200
"06441500","Siliciclastic sedimentary rocks","0.528819029224159","Unconsolidated sediments","0.471180970775841","0","0.1525","-15.0168",6441500
"06447000","Siliciclastic sedimentary rocks","0.622884602003789","Unconsolidated sediments","0.35952007899945","0.0142970757995729","0.166","-14.9252",6447000
"06447500","Siliciclastic sedimentary rocks","0.576928127359036","Unconsolidated sediments","0.423071872640964","0","0.1975","-14.3476",6447500
"06450500","Siliciclastic sedimentary rocks","0.571683431937556","Unconsolidated sediments","0.428316568062444","0","0.1862","-14.5376",6450500
"06452000","Siliciclastic sedimentary rocks","0.53489411297421","Unconsolidated sediments","0.452043970616004","0.00963280750384324","0.1592","-14.9098",6452000
"06453600","Siliciclastic sedimentary rocks","0.856611246522083","Unconsolidated sediments","0.139850145013297","0.00353860846462015","0.1554","-15.5719",6453600
"06464500","Siliciclastic sedimentary rocks","0.793660427179204","Unconsolidated sediments","0.206339572820796","0","0.1892","-14.8514",6464500
"06468170","Unconsolidated sediments","0.997758900704525","Water bodies","0.00224109929547499","0","0.1609","-13.7404",6468170
"06468250","Unconsolidated sediments","0.997372184792061","Water bodies","0.00262781520793915","0","0.1667","-13.6027",6468250
"06470800","Unconsolidated sediments","0.999914640153554","Siliciclastic sedimentary rocks","8.53598464455635e-05","0","0.1641","-13.6636",6470800
"06477500","Unconsolidated sediments","0.998987910995228","Siliciclastic sedimentary rocks","0.00101208900477196","0","0.1503","-13.9939",6477500
"06479215","Unconsolidated sediments","1","NA","0","0","0.1826","-13.2286",6479215
"06479438","Unconsolidated sediments","1","NA","0","0","0.1666","-13.6154",6479438
"06601000","Mixed sedimentary rocks","0.580802768434864","Siliciclastic sedimentary rocks","0.419197231565136","0","0.1493","-15.955",6601000
"06614800","Pyroclastics","0.41442176215181","Intermediate volcanic rocks","0.382188344554441","0","0.0799","-13.1665",6614800
"06622700","Siliciclastic sedimentary rocks","0.449417763541973","Unconsolidated sediments","0.313920977665326","0.00600117141259076","0.1571","-14.2348",6622700
"06623800","Metamorphics","0.508727749985555","Unconsolidated sediments","0.264267380890685","0","0.0689","-13.8248",6623800
"06632400","Unconsolidated sediments","0.570014457168209","Metamorphics","0.307428496657854","0","0.1383","-13.54",6632400
"06746095","Metamorphics","0.629691717846899","Intermediate volcanic rocks","0.273352085962271","0","0.0522","-13.556",6746095
"06784000","Siliciclastic sedimentary rocks","1","NA","0","0","0.19","-15.2",6784000
"06803510","Siliciclastic sedimentary rocks","1","NA","0","0","0.19","-15.2",6803510
"06803530","Siliciclastic sedimentary rocks","1","NA","0","0","0.19","-15.2",6803530
"06814000","Mixed sedimentary rocks","0.576491052875378","Unconsolidated sediments","0.235154511003563","0.044336658278203","0.1515","-15.2504",6814000
"06847900","Unconsolidated sediments","0.885004735706505","Mixed sedimentary rocks","0.114995264293495","0","0.1723","-13.6252",6847900
"06853800","Unconsolidated sediments","0.847415210681318","Mixed sedimentary rocks","0.144516132418591","0.00404777987255088","0.1658","-13.8726",6853800
"06876700","Unconsolidated sediments","0.315040300353331","Carbonate sedimentary rocks","0.287128156506156","0.287128156506156","0.1256","-14.044",6876700
"06878000","Siliciclastic sedimentary rocks","0.476195556412305","Mixed sedimentary rocks","0.4044918535334","0","0.1474","-15.7131",6878000
"06879650","Carbonate sedimentary rocks","0.587737799498278","Mixed sedimentary rocks","0.412262200501722","0.587737799498278","0.0847","-13.7376",6879650
"06885500","Unconsolidated sediments","0.893184205303306","Mixed sedimentary rocks","0.0556634606464892","0.0511523340502047","0.2062","-13.0409",6885500
"06888500","Mixed sedimentary rocks","0.471248841915587","Carbonate sedimentary rocks","0.39967637546244","0.39967637546244","0.113","-14.0259",6888500
"06889200","Unconsolidated sediments","0.518782144013368","Mixed sedimentary rocks","0.287030592340962","0.164813591664893","0.1715","-13.6113",6889200
"06889500","Unconsolidated sediments","0.663276991331338","Mixed sedimentary rocks","0.191737497835091","0.0895963092517417","0.1933","-13.3897",6889500
"06892000","Unconsolidated sediments","0.644589259296337","Carbonate sedimentary rocks","0.252337963623747","0.252337963623747","0.1814","-12.7532",6892000
"06903400","Mixed sedimentary rocks","0.966432635899575","Siliciclastic sedimentary rocks","0.033567364100425","0","0.1207","-16.4877",6903400
"06906800","Carbonate sedimentary rocks","0.597091089573001","Siliciclastic sedimentary rocks","0.402908910426999","0.597091089573001","0.1224","-12.6822",6906800
"06910800","Mixed sedimentary rocks","0.497347355675493","Siliciclastic sedimentary rocks","0.260393634543184","0.172422728171331","0.1391","-14.96",6910800
"06911900","Siliciclastic sedimentary rocks","0.486761989453289","Mixed sedimentary rocks","0.358689334783396","0.0640141091377813","0.1647","-15.0593",6911900
"06917000","Carbonate sedimentary rocks","0.639892896974089","Mixed sedimentary rocks","0.171589942526184","0.639892896974089","0.0999","-13.0012",6917000
"06918460","Carbonate sedimentary rocks","0.829175357083337","Siliciclastic sedimentary rocks","0.170824642916663","0.829175357083337","0.0809","-12.3177",6918460
"06919500","Siliciclastic sedimentary rocks","0.560554501277656","Carbonate sedimentary rocks","0.439445498722343","0.439445498722343","0.096","-14.382",6919500
"06921070","Carbonate sedimentary rocks","0.991134087970009","Siliciclastic sedimentary rocks","0.00886591202999075","0.991134087970009","0.0619","-11.8062",6921070
"06921200","Carbonate sedimentary rocks","1","NA","0","1","0.06","-11.8",6921200
"06934000","Carbonate sedimentary rocks","0.926072991120847","Siliciclastic sedimentary rocks","0.0609473099989462","0.926072991120847","0.0736","-11.9044",6934000
"07014500","Carbonate sedimentary rocks","0.532724007641709","Siliciclastic sedimentary rocks","0.446994683529878","0.532724007641709","0.1551","-12.2049",7014500
"07056000","Siliciclastic sedimentary rocks","0.656472311374056","Carbonate sedimentary rocks","0.282174134804815","0.282174134804815","0.158","-14.0789",7056000
"07057500","Carbonate sedimentary rocks","0.998044239181792","Siliciclastic sedimentary rocks","0.00195576081820847","0.998044239181792","0.0604","-11.8017",7057500
"07060710","Carbonate sedimentary rocks","0.857283608566464","Mixed sedimentary rocks","0.137040424154909","0.857283608566464","0.0892","-11.9212",7060710
"07066000","Carbonate sedimentary rocks","0.636085186630631","Siliciclastic sedimentary rocks","0.363914813369369","0.636085186630631","0.1364","-12.055",7066000
"07067000","Carbonate sedimentary rocks","0.52725531411042","Siliciclastic sedimentary rocks","0.462033271329778","0.52725531411042","0.1573","-12.131",7067000
"07068000","Siliciclastic sedimentary rocks","0.515031666781697","Carbonate sedimentary rocks","0.476526145008869","0.476526145008869","0.1684","-12.1665",7068000
"07071500","Siliciclastic sedimentary rocks","0.562480836325577","Carbonate sedimentary rocks","0.437519163674423","0.437519163674423","0.1781","-12.1937",7071500
"07083000","Metamorphics","0.503876589054494","Unconsolidated sediments","0.260678091675831","0","0.0668","-13.7463",7083000
"07142300","Unconsolidated sediments","1","NA","0","0","0.2413","-11.8217",7142300
"07145700","Unconsolidated sediments","0.785666985951064","Mixed sedimentary rocks","0.214333014048936","0","0.1679","-13.9559",7145700
"07148400","Siliciclastic sedimentary rocks","0.635407555896992","Unconsolidated sediments","0.352252050585736","0","0.205","-14.0603",7148400
"07149000","Unconsolidated sediments","0.510868516220127","Siliciclastic sedimentary rocks","0.489131483779873","0","0.2115","-13.5872",7149000
"07151500","Unconsolidated sediments","0.838132029254055","Mixed sedimentary rocks","0.0828472011753906","0","0.2333","-12.3308",7151500
"07167500","Siliciclastic sedimentary rocks","0.569290596666273","Mixed sedimentary rocks","0.329712541396791","0.0656573681434691","0.1616","-15.2534",7167500
"07180500","Mixed sedimentary rocks","0.938857852131091","Unconsolidated sediments","0.0611421478689094","0","0.1298","-16.1576",7180500
"07184000","Mixed sedimentary rocks","0.571479006701658","Siliciclastic sedimentary rocks","0.321433976833463","0","0.1596","-15.4824",7184000
"07195800","Carbonate sedimentary rocks","1","NA","0","1","0.06","-11.8",7195800
"07196900","Siliciclastic sedimentary rocks","0.85539757297","Carbonate sedimentary rocks","0.14460242703","0.14460242703","0.1712","-14.7084",7196900
"07197000","Carbonate sedimentary rocks","0.694359968051739","Siliciclastic sedimentary rocks","0.237036629481106","0.694359968051739","0.1026","-12.6616",7197000
"07208500","Metamorphics","0.476946042126427","Basic volcanic rocks","0.395246095811802","0.0181393144368796","0.0624","-13.4318",7208500
"07226500","Unconsolidated sediments","0.516803975629448","Siliciclastic sedimentary rocks","0.347497629157586","6.47735365530563e-05","0.2054","-13.2545",7226500
"07261000","Siliciclastic sedimentary rocks","1","NA","0","0","0.19","-15.2",7261000
"07263295","Siliciclastic sedimentary rocks","1","NA","0","0","0.19","-15.2",7263295
"07290650","Unconsolidated sediments","1","NA","0","0","0.2756","-11.0545",7290650
"07291000","Unconsolidated sediments","1","NA","0","0","0.2522","-11.8728",7291000
"07292500","Unconsolidated sediments","1","NA","0","0","0.2429","-12.1976",7292500
"07295000","Unconsolidated sediments","1","NA","0","0","0.2365","-12.4216",7295000
"07299670","Siliciclastic sedimentary rocks","0.921041771402062","Unconsolidated sediments","0.0789582285979382","0","0.1303","-16.1798",7299670
"07301410","Unconsolidated sediments","0.99540480124875","Mixed sedimentary rocks","0.00459519875125002","0","0.2198","-13.0112",7301410
"07301500","Unconsolidated sediments","0.819016678290507","Siliciclastic sedimentary rocks","0.114868090958136","0","0.2127","-13.3382",7301500
"07315200","Siliciclastic sedimentary rocks","0.973307668988547","Unconsolidated sediments","0.0266923310114534","0","0.1908","-15.1413",7315200
"07315700","Siliciclastic sedimentary rocks","0.787573081813656","Unconsolidated sediments","0.212052895920422","0","0.2194","-13.9493",7315700
"07335700","Siliciclastic sedimentary rocks","0.863935517660851","Unconsolidated sediments","0.136064482339149","0","0.1991","-14.7247",7335700
"07340300","Siliciclastic sedimentary rocks","1","NA","0","0","0.1669","-15.6284",7340300
"07346045","Siliciclastic sedimentary rocks","0.758757597817185","Unconsolidated sediments","0.241242402182815","0","0.1971","-14.6716",7346045
"07359610","Siliciclastic sedimentary rocks","0.766005964022328","Mixed sedimentary rocks","0.233994035977672","0","0.1447","-16.042",7359610
"07362100","Unconsolidated sediments","1","NA","0","0","0.22","-13",7362100
"07362587","Siliciclastic sedimentary rocks","1","NA","0","0","0.19","-15.2",7362587
"07373000","Unconsolidated sediments","0.999545109223863","Siliciclastic sedimentary rocks","0.000454890776136871","0","0.1582","-13.8823",7373000
"07375000","Unconsolidated sediments","1","NA","0","0","0.165","-13.7861",7375000
"07376000","Unconsolidated sediments","1","NA","0","0","0.1996","-12.9582",7376000
"08013000","Unconsolidated sediments","0.851996578915203","Siliciclastic sedimentary rocks","0.148003421084798","0","0.1728","-13.9362",8013000
"08014500","Unconsolidated sediments","0.87120703872165","Siliciclastic sedimentary rocks","0.12879296127835","0","0.1715","-13.9215",8014500
"08025500","Unconsolidated sediments","0.794952997794957","Siliciclastic sedimentary rocks","0.203210852609937","0","0.1929","-13.5444",8025500
"08029500","Unconsolidated sediments","1","NA","0","0","0.1819","-13.5446",8029500
"08050800","Siliciclastic sedimentary rocks","0.989332417836211","Unconsolidated sediments","0.0106675821637893","0","0.1903","-15.1765",8050800
"08066200","Unconsolidated sediments","0.92224252781773","Siliciclastic sedimentary rocks","0.0777574721822696","0","0.2104","-13.2746",8066200
"08066300","Unconsolidated sediments","1","NA","0","0","0.1861","-13.4839",8066300
"08070000","Unconsolidated sediments","1","NA","0","0","0.1825","-13.5354",8070000
"08070200","Unconsolidated sediments","1","NA","0","0","0.188","-13.4571",8070200
"08079600","Unconsolidated sediments","0.862654503989846","Mixed sedimentary rocks","0.131013798734627","0.00329213198315665","0.2054","-13.4623",8079600
"08082700","Siliciclastic sedimentary rocks","0.682641528521047","Unconsolidated sediments","0.317358471478953","0","0.208","-14.2036",8082700
"08086212","Siliciclastic sedimentary rocks","0.515138271081337","Mixed sedimentary rocks","0.348853576751712","0.00492913906644597","0.1434","-15.8201",8086212
"08086290","Siliciclastic sedimentary rocks","0.88856212399244","Unconsolidated sediments","0.103508794941006","0.00447971186625109","0.19","-14.9995",8086290
"08101000","Mixed sedimentary rocks","0.95254451736969","Unconsolidated sediments","0.0449993982673878","0.00245608436292188","0.1678","-15.173",8101000
"08103900","Mixed sedimentary rocks","1","NA","0","0","0.2289","-13.5955",8103900
"08104900","Mixed sedimentary rocks","0.626444369532105","Carbonate sedimentary rocks","0.340699752924152","0.340699752924152","0.1216","-14.2839",8104900
"08109700","Siliciclastic sedimentary rocks","0.544236219163692","Unconsolidated sediments","0.455504441494395","0","0.207","-14.084",8109700
"08150800","Carbonate sedimentary rocks","0.812705264135297","Unconsolidated sediments","0.0795433358506353","0.812705264135297","0.0837","-12.0426",8150800
"08155200","Carbonate sedimentary rocks","1","NA","0","1","0.06","-11.8",8155200
"08158700","Carbonate sedimentary rocks","0.970592134154386","Unconsolidated sediments","0.0294078658456137","0.970592134154386","0.0647","-11.8353",8158700
"08158810","Carbonate sedimentary rocks","1","NA","0","1","0.06","-11.8",8158810
"08164000","Unconsolidated sediments","0.865545353410271","Siliciclastic sedimentary rocks","0.134454646589729","0","0.2061","-13.4365",8164000
"08164300","Unconsolidated sediments","0.819987830117553","Siliciclastic sedimentary rocks","0.180012169882447","0","0.2141","-13.403",8164300
"08164600","Unconsolidated sediments","1","NA","0","0","0.2157","-13.0614",8164600
"08165300","Carbonate sedimentary rocks","1","NA","0","1","0.06","-11.8",8165300
"08171300","Carbonate sedimentary rocks","0.836617953957555","Unconsolidated sediments","0.142618823588868","0.836617953957555","0.0841","-12.0681",8171300
"08175000","Unconsolidated sediments","0.595371975222437","Siliciclastic sedimentary rocks","0.404628024777563","0","0.209","-13.7901",8175000
"08176900","Unconsolidated sediments","0.89177615554042","Siliciclastic sedimentary rocks","0.10822384445958","0","0.2165","-13.2419",8176900
"08178880","Carbonate sedimentary rocks","0.9847556936617","Unconsolidated sediments","0.0152443063383001","0.9847556936617","0.0624","-11.8183",8178880
"08189500","Unconsolidated sediments","0.985153092547404","Siliciclastic sedimentary rocks","0.0147662828003682","0","0.2195","-13.0338",8189500
"08190000","Carbonate sedimentary rocks","0.924281045407362","Unconsolidated sediments","0.0757189545926378","0.924281045407362","0.0721","-11.8909",8190000
"08190500","Carbonate sedimentary rocks","0.977785638581083","Unconsolidated sediments","0.0213402070768806","0.977785638581083","0.0635","-11.8297",8190500
"08194200","Unconsolidated sediments","0.986886616497362","Siliciclastic sedimentary rocks","0.0105866891086962","0","0.2195","-13.0266",8194200
"08195000","Carbonate sedimentary rocks","0.925547329334804","Unconsolidated sediments","0.0744526706651965","0.925547329334804","0.0719","-11.8893",8195000
"08196000","Carbonate sedimentary rocks","0.978856150741443","Unconsolidated sediments","0.0211438492585567","0.978856150741443","0.0634","-11.8254",8196000
"08198500","Carbonate sedimentary rocks","0.721963335508605","Unconsolidated sediments","0.274831199180652","0.721963335508605","0.1102","-11.9231",8198500
"14138900","Basic volcanic rocks","0.975387312254637","Water bodies","0.024612687745363","0","0.0932","-12.5123",14138900
"08200000","Carbonate sedimentary rocks","0.933477049114124","Unconsolidated sediments","0.0665229508858755","0.933477049114124","0.0706","-11.8798",8200000
"08202700","Carbonate sedimentary rocks","0.799089852366373","Unconsolidated sediments","0.182647252102685","0.799089852366373","0.0973","-11.8593",8202700
"08267500","Intermediate plutonic rocks","0.450870606272811","Basic volcanic rocks","0.395061640925655","0","0.0676","-13.3318",8267500
"08269000","Mixed sedimentary rocks","0.821486045313246","Intermediate plutonic rocks","0.116105234407784","0","0.1655","-14.9532",8269000
"08271000","Intermediate plutonic rocks","0.69729156538123","Basic volcanic rocks","0.104056891494119","0","0.0425","-13.8495",8271000
"08324000","Acid volcanic rocks","0.392756875928801","Carbonate sedimentary rocks","0.123077032280925","0.123077032280925","0.1076","-12.8974",8324000
"08377900","Mixed sedimentary rocks","0.402551345099773","Intermediate plutonic rocks","0.223185057017132","0.201264136342777","0.0976","-14.0443",8377900
"08378500","Mixed sedimentary rocks","0.562972350108069","Carbonate sedimentary rocks","0.17613643919608","0.17613643919608","0.1226","-14.2476",8378500
"08380500","Carbonate sedimentary rocks","0.409077024627139","Intermediate plutonic rocks","0.266122762810631","0.409077024627139","0.07","-13.0611",8380500
"09034900","Acid plutonic rocks","1","NA","0","0","0.01","-14.1",9034900
"09035800","Metamorphics","0.721353320272577","Acid plutonic rocks","0.150496421341739","0","0.0369","-13.959",9035800
"09035900","Metamorphics","0.808648145952364","Acid plutonic rocks","0.173549963593142","0","0.0211","-14.0417",9035900
"09047700","Metamorphics","0.994983378610726","Unconsolidated sediments","0.0050166213892739","0","0.0111","-14.0945",9047700
"09065500","Acid plutonic rocks","0.975723134412589","Siliciclastic sedimentary rocks","0.023871044010617","0","0.0163","-14.0614",9065500
"09066000","Siliciclastic sedimentary rocks","0.674766017949802","Acid plutonic rocks","0.147768029216389","0","0.1965","-12.9834",9066000
"09066200","Acid plutonic rocks","0.592263526954021","Siliciclastic sedimentary rocks","0.295952871913625","0.0317182030297311","0.0948","-13.4797",9066200
"09066300","Siliciclastic sedimentary rocks","0.679595912313242","Acid plutonic rocks","0.265672490761214","0","0.1949","-13.0611",9066300
"09081600","Siliciclastic sedimentary rocks","0.761483061078774","Intermediate volcanic rocks","0.1417766744181","0.0185676703859297","0.1693","-14.5073",9081600
"09107000","Acid plutonic rocks","0.441886750839896","Unconsolidated sediments","0.359982506825244","0.0383622352430751","0.066","-13.6265",9107000
"09210500","Siliciclastic sedimentary rocks","0.543918098817221","Unconsolidated sediments","0.210531675048142","0.0460477871696853","0.1751","-14.7974",9210500
"09223000","Siliciclastic sedimentary rocks","0.579143382639512","Mixed sedimentary rocks","0.347384313620287","0.0188539336563506","0.1879","-14.9409",9223000
"09306242","Siliciclastic sedimentary rocks","0.999028023340524","Unconsolidated sediments","0.000971976659476112","0","0.1579","-15.7937",9306242
"09312600","Mixed sedimentary rocks","0.891046600752129","Siliciclastic sedimentary rocks","0.0664791092541508","0","0.1289","-16.2648",9312600
"09352900","Metamorphics","0.570075354932863","Acid plutonic rocks","0.339744457260488","0.0384493888402848","0.0242","-13.9404",9352900
"09378170","Siliciclastic sedimentary rocks","0.429207040393901","Intermediate plutonic rocks","0.289288388359826","0","0.1464","-14.2625",9378170
"09378630","Siliciclastic sedimentary rocks","0.810585092674077","Intermediate plutonic rocks","0.186890731195185","0","0.1564","-14.9889",9378630
"09386900","Siliciclastic sedimentary rocks","0.534335710591192","Mixed sedimentary rocks","0.205776200671653","0.164153092693113","0.1755","-13.7243",9386900
"09404450","Carbonate sedimentary rocks","0.522447659645459","Siliciclastic sedimentary rocks","0.456504085867337","0.522447659645459","0.1053","-13.6472",9404450
"09430500","Basic volcanic rocks","0.396461640599842","Siliciclastic sedimentary rocks","0.226634455876019","0","0.137","-12.6397",9430500
"09430600","Acid volcanic rocks","0.437927363518514","Pyroclastics","0.38318778899035","0","0.0917","-12.6916",9430600
"09447800","Acid volcanic rocks","0.463665046592738","Siliciclastic sedimentary rocks","0.460729745247677","0.0291895480441197","0.175","-12.4731",9447800
"09480000","Siliciclastic sedimentary rocks","0.594635115662451","Acid volcanic rocks","0.149261117865607","0.00154694965085734","0.2222","-12.3046",9480000
"09484000","Acid plutonic rocks","0.875276957830848","Metamorphics","0.10203725223132","0","0.0149","-14.0855",9484000
"09484600","Siliciclastic sedimentary rocks","0.705469102870204","Acid plutonic rocks","0.0964584204723188","0.057423150805567","0.2172","-12.6202",9484600
"09492400","Acid volcanic rocks","0.843137128562346","Siliciclastic sedimentary rocks","0.103926719047577","0","0.1087","-12.5",9492400
"09494000","Siliciclastic sedimentary rocks","0.41321108111038","Basic volcanic rocks","0.330815028793647","0","0.1492","-13.1224",9494000
"09497800","Siliciclastic sedimentary rocks","0.885671662373207","Carbonate sedimentary rocks","0.0907292588168322","0.0907292588168322","0.1898","-14.4479",9497800
"09497980","Mixed sedimentary rocks","0.468334752541027","Basic volcanic rocks","0.192886118021194","0","0.198","-12.8268",9497980
"09505200","Basic volcanic rocks","0.948838823916249","Carbonate sedimentary rocks","0.0372304828030229","0.0372304828030229","0.089","-12.4769",9505200
"09505350","Basic volcanic rocks","0.784032434789949","Siliciclastic sedimentary rocks","0.173257453748272","0.0427101114617792","0.1065","-12.9241",9505350
"09505800","Basic volcanic rocks","0.643723069247182","Carbonate sedimentary rocks","0.319065845670911","0.319065845670911","0.0871","-12.2767",9505800
"09508300","Acid plutonic rocks","0.58792910380522","Basic volcanic rocks","0.226174796357154","0","0.0366","-13.7643",9508300
"09510200","Acid plutonic rocks","0.562894269153209","Metamorphics","0.148393239489619","0","0.058","-13.6381",9510200
"09512280","Basic volcanic rocks","0.542420677378394","Metamorphics","0.366248027099376","0","0.0689","-13.1369",9512280
"09513780","Basic volcanic rocks","0.463837050158684","Acid plutonic rocks","0.255104346163524","0","0.0518","-13.2672",9513780
"10023000","Siliciclastic sedimentary rocks","0.837172079933476","Carbonate sedimentary rocks","0.0855090270915308","0.0855090270915308","0.2482","-12.4788",10023000
"10166430","Unconsolidated sediments","0.570636492683955","Water bodies","0.190016278580633","0.0732128931174254","0.2082","-12.9477",10166430
"10172700","Unconsolidated sediments","0.555234665351728","Siliciclastic sedimentary rocks","0.32336753435379","0.0439578519276792","0.2116","-12.9729",10172700
"10172800","Unconsolidated sediments","0.363505919863619","Carbonate sedimentary rocks","0.187684504909339","0.187684504909339","0.1938","-12.6177",10172800
"10173450","Acid volcanic rocks","0.439760440064625","Basic volcanic rocks","0.29807536276612","0.0242526491572531","0.0916","-12.4998",10173450
"10205030","Siliciclastic sedimentary rocks","0.524116930602061","Carbonate sedimentary rocks","0.460370318546233","0.460370318546233","0.1306","-13.6006",10205030
"10234500","Pyroclastics","0.709549585478298","Siliciclastic sedimentary rocks","0.163466478676177","0","0.1403","-12.904",10234500
"10242000","Siliciclastic sedimentary rocks","0.392344467765217","Pyroclastics","0.245880826594894","0.092511870618539","0.141","-13.3804",10242000
"10244950","Carbonate sedimentary rocks","0.801314362882168","Mixed sedimentary rocks","0.118881609300258","0.801314362882168","0.0787","-12.461",10244950
"10249300","Unconsolidated sediments","0.636768157816955","Acid volcanic rocks","0.25751814227509","0.00245417877367057","0.1677","-13.0643",10249300
"10258000","Acid plutonic rocks","0.608484443671625","Unconsolidated sediments","0.248758530687226","0","0.0622","-13.8264",10258000
"10258500","Metamorphics","0.395718316141743","Acid plutonic rocks","0.369689548053733","0","0.0228","-14.0221",10258500
"10259000","Acid plutonic rocks","0.665793734490064","Metamorphics","0.159732361637236","0","0.0221","-14.0366",10259000
"10259200","Intermediate plutonic rocks","0.492424217677858","Acid plutonic rocks","0.383673519679845","0","0.0236","-14.0277",10259200
"10263500","Unconsolidated sediments","0.458668037204093","Acid plutonic rocks","0.189574948718305","0","0.151","-13.4066",10263500
"10310500","Acid plutonic rocks","0.923871015714666","Unconsolidated sediments","0.0645911337715467","0","0.0245","-14.0105",10310500
"10316500","Carbonate sedimentary rocks","0.913144493851008","Unconsolidated sediments","0.0868555061489919","0.913144493851008","0.1125","-12.1935",10316500
"10329500","Acid volcanic rocks","0.601689190694653","Intermediate volcanic rocks","0.135196686367398","0","0.1037","-12.6509",10329500
"10336645","Acid plutonic rocks","0.627371039720803","Unconsolidated sediments","0.3725933604585","0","0.0883","-13.6901",10336645
"10336660","Unconsolidated sediments","0.412345225511582","Basic volcanic rocks","0.375326986554209","0","0.1395","-12.9785",10336660
"10336740","Acid plutonic rocks","0.843076603510652","Acid volcanic rocks","0.132965093918621","0","0.0226","-13.8489",10336740
"10343500","Acid volcanic rocks","0.584213358553792","Unconsolidated sediments","0.415786641446208","0","0.1441","-12.7079",10343500
"10348850","Unconsolidated sediments","0.47648621888967","Acid plutonic rocks","0.345897243988451","0","0.1243","-13.2917",10348850
"10396000","Basic volcanic rocks","0.857549287954332","Unconsolidated sediments","0.110758725990775","0","0.1071","-12.5654",10396000
"11098000","Acid plutonic rocks","0.780155008353107","Metamorphics","0.219844991646893","0","0.01","-14.1",11098000
"11124500","Siliciclastic sedimentary rocks","0.974892616918292","Metamorphics","0.0251073830817075","0","0.1937","-14.8934",11124500
"11141280","Siliciclastic sedimentary rocks","1","NA","0","0","0.19","-15.2",11141280
"11143000","Intermediate plutonic rocks","0.590677556952723","Metamorphics","0.18300402395235","0.0158879610203631","0.0225","-14.1348",11143000
"11148900","Siliciclastic sedimentary rocks","0.889183485279982","Metamorphics","0.0640807345386816","0","0.2143","-13.5833",11148900
"11151300","Siliciclastic sedimentary rocks","0.852613317771706","Unconsolidated sediments","0.0667775022392132","0","0.1853","-14.7006",11151300
"11162500","Siliciclastic sedimentary rocks","0.938585783087827","Basic volcanic rocks","0.061414216912173","0","0.1839","-15.0342",11162500
"11176400","Metamorphics","0.608201576013396","Siliciclastic sedimentary rocks","0.391798423986604","0","0.0805","-14.531",11176400
"11180500","Siliciclastic sedimentary rocks","0.857542636911432","Unconsolidated sediments","0.122409806341684","0","0.1901","-14.9086",11180500
"11180960","Siliciclastic sedimentary rocks","1","NA","0","0","0.2342","-13.709",11180960
"11224500","Siliciclastic sedimentary rocks","0.940603584997702","Metamorphics","0.057798139122649","0","0.1793","-15.1345",11224500
"11230500","Acid plutonic rocks","0.829721832470696","Unconsolidated sediments","0.0699821618402604","0","0.0749","-13.5155",11230500
"11237500","Acid plutonic rocks","0.829271713672719","Unconsolidated sediments","0.154249534196046","0","0.0424","-13.9303",11237500
"11253310","Siliciclastic sedimentary rocks","0.929667810865659","Metamorphics","0.0599848199840308","0","0.1875","-14.8424",11253310
"11264500","Acid plutonic rocks","0.843699417033867","Unconsolidated sediments","0.116410671128763","0","0.0425","-13.8776",11264500
"11266500","Acid plutonic rocks","0.818612829103439","Unconsolidated sediments","0.146369450929911","0","0.1754","-13.0986",11266500
"11274500","Siliciclastic sedimentary rocks","0.490086348269721","Metamorphics","0.488096989471319","0","0.1028","-14.6138",11274500
"11274630","Metamorphics","0.615079983717025","Siliciclastic sedimentary rocks","0.369059589980934","0","0.0792","-14.4769",11274630
"11284400","Siliciclastic sedimentary rocks","0.935317548916698","Acid volcanic rocks","0.0644643010810125","0","0.118","-16.2416",11284400
"11299600","Basic volcanic rocks","0.680756202855115","Basic plutonic rocks","0.319243797144885","0","0.0645","-13.0108",11299600
"11381500","Acid volcanic rocks","0.562371618749279","Basic volcanic rocks","0.410628169354523","0","0.0936","-12.5354",11381500
"11383500","Acid volcanic rocks","0.495935685343198","Basic volcanic rocks","0.489476199237605","0","0.092","-12.5133",11383500
"11451100","Siliciclastic sedimentary rocks","0.971643036237749","Metamorphics","0.0283569637622516","0","0.1849","-15.1688",11451100
"11468500","Siliciclastic sedimentary rocks","0.984416976069011","Metamorphics","0.0155830239309893","0","0.1872","-15.1829",11468500
"11473900","Siliciclastic sedimentary rocks","0.575037875012922","Metamorphics","0.391772321056102","0","0.1206","-14.6914",11473900
"11475560","Siliciclastic sedimentary rocks","1","NA","0","0","0.19","-15.2",11475560
"11476600","Siliciclastic sedimentary rocks","1","NA","0","0","0.19","-15.2",11476600
"11478500","Siliciclastic sedimentary rocks","0.958756582456278","Metamorphics","0.0326232853180604","0","0.1844","-15.1451",11478500
"11480390","Siliciclastic sedimentary rocks","0.962981466233055","Metamorphics","0.0370185337669447","0","0.1833","-15.1593",11480390
"11481200","Siliciclastic sedimentary rocks","0.728373095707469","Metamorphics","0.177443573043571","0","0.1609","-14.7976",11481200
"11482500","Metamorphics","0.535060107675517","Siliciclastic sedimentary rocks","0.462187933598356","0","0.0987","-14.4222",11482500
"11522500","Siliciclastic sedimentary rocks","0.479067101672585","Intermediate plutonic rocks","0.271722029943193","0.00243807117499689","0.0803","-14.935",11522500
"11523200","Basic plutonic rocks","0.822393371392538","Intermediate plutonic rocks","0.1548173503066","0","0.0148","-14.0749",11523200
"11528700","Siliciclastic sedimentary rocks","0.711542901274395","Metamorphics","0.142396471407674","0","0.0993","-15.5936",11528700
"11532500","Siliciclastic sedimentary rocks","0.427128498312215","Metamorphics","0.266985317119961","0","0.0715","-14.8472",11532500
"12010000","Basic volcanic rocks","0.512397763794633","Siliciclastic sedimentary rocks","0.481994899075887","0","0.1378","-13.8104",12010000
"12013500","Siliciclastic sedimentary rocks","0.563972915399654","Basic volcanic rocks","0.288717887151353","0","0.1655","-14.0964",12013500
"12020000","Basic volcanic rocks","0.633707026180392","Siliciclastic sedimentary rocks","0.312230447625972","0","0.1283","-13.3701",12020000
"12025000","Unconsolidated sediments","0.558434742913984","Basic volcanic rocks","0.269410785668739","0","0.1784","-13.2353",12025000
"12025700","Basic volcanic rocks","0.927643127830288","Siliciclastic sedimentary rocks","0.0723568721697116","0","0.0972","-12.6954",12025700
"12035000","Unconsolidated sediments","0.645786075592661","Basic volcanic rocks","0.184700046349863","0","0.1904","-13.274",12035000
"12040500","Siliciclastic sedimentary rocks","0.711322133153096","Unconsolidated sediments","0.285345252461474","0","0.1982","-14.5632",12040500
"12041200","Siliciclastic sedimentary rocks","0.891995709382866","Unconsolidated sediments","0.108004290617134","0","0.1932","-14.9632",12041200
"12043000","Siliciclastic sedimentary rocks","0.905165936534333","Unconsolidated sediments","0.0929797997341204","0","0.1926","-14.9904",12043000
"12048000","Siliciclastic sedimentary rocks","0.723004570598374","Basic volcanic rocks","0.276327977218593","0","0.1249","-13.4373",12048000
"12054000","Siliciclastic sedimentary rocks","0.556924516790145","Basic volcanic rocks","0.443075483209855","0","0.1457","-14.0037",12054000
"12056500","Siliciclastic sedimentary rocks","0.780961912045858","Basic volcanic rocks","0.219038087954142","0","0.1681","-14.6086",12056500
"12073500","Siliciclastic sedimentary rocks","0.736548963148387","Unconsolidated sediments","0.263451036851613","0","0.1979","-14.6204",12073500
"12082500","Intermediate volcanic rocks","0.34971411537898","Basic volcanic rocks","0.345537675676897","0","0.1187","-12.8654",12082500
"12092000","Basic volcanic rocks","0.524702625276192","Intermediate volcanic rocks","0.18094146322548","0","0.1234","-13.0903",12092000
"12095000","Basic volcanic rocks","0.518343133874812","Siliciclastic sedimentary rocks","0.257411973354303","0","0.1372","-13.3475",12095000
"12114500","Basic volcanic rocks","0.961666887294108","Acid plutonic rocks","0.0383331127058917","0","0.0869","-12.5613",12114500
"12115000","Basic volcanic rocks","0.776200424433409","Acid plutonic rocks","0.131007618645411","0","0.086","-12.7347",12115000
"12115500","Basic volcanic rocks","0.961099706997048","Unconsolidated sediments","0.0389002930029523","0","0.0951","-12.5195",12115500
"12117000","Basic volcanic rocks","0.716543671258721","Siliciclastic sedimentary rocks","0.283456328741279","0","0.1183","-13.2653",12117000
"12141300","Acid plutonic rocks","0.771978117894424","Unconsolidated sediments","0.0938602547192574","0","0.0458","-14.0366",12141300
"12143600","Acid plutonic rocks","0.469598770432686","Intermediate volcanic rocks","0.227105081761749","0","0.0826","-13.7298",12143600
"12144000","Acid plutonic rocks","0.364268296319447","Unconsolidated sediments","0.250573866548332","0","0.1078","-13.597",12144000
"12145500","Siliciclastic sedimentary rocks","0.629844463229811","Intermediate volcanic rocks","0.166397685780607","0","0.1602","-14.2285",12145500
"12147500","Basic volcanic rocks","0.990572771447746","Acid plutonic rocks","0.00935487491103681","0","0.0893","-12.5153",12147500
"12147600","Acid plutonic rocks","0.526342818672154","Basic volcanic rocks","0.335698092527188","0","0.0479","-13.3421",12147600
"12167000","Siliciclastic sedimentary rocks","0.38776638907617","Metamorphics","0.312447853407403","0","0.1195","-14.2882",12167000
"12175500","Metamorphics","0.872169630754137","Unconsolidated sediments","0.0814923791004794","0","0.0505","-13.8877",12175500
"12178100","Metamorphics","0.979336388802152","Unconsolidated sediments","0.0206636111978477","0","0.0143","-14.0773",12178100
"12186000","Metamorphics","0.54641523583567","Basic volcanic rocks","0.202529016252995","0","0.0685","-13.9296",12186000
"12189500","Metamorphics","0.617299181391871","Basic volcanic rocks","0.11016990012946","0","0.0614","-13.8887",12189500
"12358500","Siliciclastic sedimentary rocks","0.32022600276276","Metamorphics","0.310319524093197","0.153544319486106","0.1295","-14.155",12358500
"12374250","Siliciclastic sedimentary rocks","0.998381114136345","Unconsolidated sediments","0.0016188858636551","0","0.1202","-16.4943",12374250
"12375900","Siliciclastic sedimentary rocks","0.664125848691602","Carbonate sedimentary rocks","0.287532873097325","0.287532873097325","0.1209","-15.8662",12375900
"12377150","Carbonate sedimentary rocks","0.90536976825205","Siliciclastic sedimentary rocks","0.0946302317479503","0.90536976825205","0.0655","-12.2303",12377150
"12381400","Metamorphics","0.873094657953921","Carbonate sedimentary rocks","0.126699670129858","0.126699670129858","0.0503","-12.2586",12381400
"12383500","Carbonate sedimentary rocks","0.531704686597069","Metamorphics","0.46829531340293","0.531704686597069","0.0485","-12.3304",12383500
"12388400","Unconsolidated sediments","0.607998594932297","Basic plutonic rocks","0.392001405067703","0","0.1366","-13.6155",12388400
"12390700","Siliciclastic sedimentary rocks","0.913845607119166","Unconsolidated sediments","0.0854367987494303","0","0.1286","-16.1985",12390700
"12411000","Siliciclastic sedimentary rocks","0.967198091550656","Unconsolidated sediments","0.0324805990470812","0","0.1232","-16.3855",12411000
"12414500","Metamorphics","0.51329232764536","Siliciclastic sedimentary rocks","0.419676915761671","0","0.0598","-15.0861",12414500
"12447390","Acid plutonic rocks","1","NA","0","0","0.01","-14.1",12447390
"12451000","Metamorphics","0.64645516121772","Acid plutonic rocks","0.303747830907583","0","0.0294","-13.9986",12451000
"12488500","Intermediate volcanic rocks","0.391136993494885","Basic volcanic rocks","0.349854409374816","0","0.0846","-12.8344",12488500
"13011500","Siliciclastic sedimentary rocks","0.416881372515138","Unconsolidated sediments","0.305520249493637","0.0705337269306653","0.1988","-12.9643",13011500
"13011900","Siliciclastic sedimentary rocks","0.469588939887601","Unconsolidated sediments","0.311441731300985","0.118389408266658","0.1794","-13.6286",13011900
"13018300","Siliciclastic sedimentary rocks","0.357335678257657","Carbonate sedimentary rocks","0.303307717184428","0.303307717184428","0.1705","-13.0981",13018300
"13023000","Siliciclastic sedimentary rocks","0.411606970750814","Carbonate sedimentary rocks","0.216480807479054","0.216480807479054","0.1595","-14.127",13023000
"13083000","Siliciclastic sedimentary rocks","0.530252797880232","Acid volcanic rocks","0.408265313523444","0.0203038890646348","0.148","-13.5201",13083000
"13161500","Acid volcanic rocks","0.448205697629144","Mixed sedimentary rocks","0.273865964198378","0.0268271578290319","0.1164","-13.2545",13161500
"13235000","Acid plutonic rocks","0.96011377106886","Unconsolidated sediments","0.0263505483120769","0","0.0215","-14.0367",13235000
"13240000","Acid plutonic rocks","0.992831689534438","Siliciclastic sedimentary rocks","0.00577276406683095","0","0.0113","-14.1047",13240000
"13310700","Acid plutonic rocks","0.962844095602884","Unconsolidated sediments","0.0365111560108173","0","0.0255","-14.0186",13310700
"13313000","Acid plutonic rocks","0.841676653199672","Unconsolidated sediments","0.0829679004723138","0","0.0424","-13.9304",13313000
"13331500","Basic volcanic rocks","0.532892250655416","Acid plutonic rocks","0.445610170061072","0","0.0579","-13.1838",13331500
"13337000","Acid plutonic rocks","0.77578301799173","Metamorphics","0.215341279831447","0","0.0122","-14.0656",13337000
"13338500","Metamorphics","0.445057096505559","Acid plutonic rocks","0.289151534936054","0","0.0346","-13.7088",13338500
"13340000","Acid plutonic rocks","0.571494140772178","Metamorphics","0.249879840281328","0","0.0384","-13.7311",13340000
"13340600","Acid plutonic rocks","0.522783903266349","Metamorphics","0.475323525011783","0","0.0103","-14.101",13340600
"14020000","Basic volcanic rocks","1","NA","0","0","0.09","-12.5",14020000
"14092750","Unconsolidated sediments","0.512648683149388","Basic volcanic rocks","0.4764686334737","0","0.1754","-12.1067",14092750
"14096850","Basic volcanic rocks","0.487027050891787","Unconsolidated sediments","0.221286746290383","0","0.1374","-12.6426",14096850
"14137000","Basic volcanic rocks","0.725299906408341","Unconsolidated sediments","0.119013675265654","0","NA","-12.7777",14137000
"14138800","Basic volcanic rocks","0.740865631679338","Unconsolidated sediments","0.259134368320662","0","0.1392","-12.0854",14138800
"14138870","Basic volcanic rocks","0.9929602984639","Water bodies","0.00442829462668043","0","0.0911","-12.498",14138870
"14139800","Basic volcanic rocks","0.740226101622159","Unconsolidated sediments","0.236597755189362","0","0.1373","-12.184",14139800
"14141500","Basic volcanic rocks","0.63549535218759","Siliciclastic sedimentary rocks","0.23659428545522","0","0.1377","-12.9441",14141500
"14154500","Mixed sedimentary rocks","0.385607126800943","Basic volcanic rocks","0.327603924337117","0","0.1317","-13.7224",14154500
"14158500","Basic volcanic rocks","0.926025671490152","Unconsolidated sediments","0.0550672472906692","0","0.1029","-12.4213",14158500
"14158790","Basic volcanic rocks","0.987830245936935","Acid volcanic rocks","0.012169754063065","0","0.09","-12.5",14158790
"14166500","Siliciclastic sedimentary rocks","0.711292413828124","Unconsolidated sediments","0.203838690763966","0","0.1909","-14.2774",14166500
"14182500","Basic volcanic rocks","0.851192250215564","Unconsolidated sediments","0.136540213656795","0","0.1092","-12.5041",14182500
"14185000","Basic volcanic rocks","0.802211622051385","Mixed sedimentary rocks","0.137407513645478","0","0.1081","-12.8911",14185000
"14185900","Basic volcanic rocks","0.956713966484082","Intermediate plutonic rocks","0.0191866894971637","0","0.0905","-12.5709",14185900
"14187000","Basic volcanic rocks","0.91441251124703","Mixed sedimentary rocks","0.0732858129137363","0","0.099","-12.7001",14187000
"14216500","Basic volcanic rocks","0.838252687689652","Intermediate volcanic rocks","0.161632836269863","0","0.09","-12.5002",14216500
"14222500","Basic volcanic rocks","0.75817133875236","Intermediate volcanic rocks","0.149271316675291","0","0.0871","-12.6245",14222500
"14236200","Basic volcanic rocks","0.619065082439889","Siliciclastic sedimentary rocks","0.221420443711768","0","0.1284","-13.1605",14236200
"14301000","Siliciclastic sedimentary rocks","0.65045953840262","Basic volcanic rocks","0.303668649324322","0","0.1384","-14.6236",14301000
"14303200","Siliciclastic sedimentary rocks","0.712490152693631","Basic plutonic rocks","0.263353124061706","0","0.1402","-14.8451",14303200
"14305500","Siliciclastic sedimentary rocks","0.579410772512109","Basic volcanic rocks","0.191016710838406","0","0.1421","-14.2961",14305500
"14306340","Siliciclastic sedimentary rocks","0.786551333703718","Basic plutonic rocks","0.213448666296282","0","0.1516","-14.9652",14306340
"14306500","Siliciclastic sedimentary rocks","0.799089682507401","Basic volcanic rocks","0.137016333546829","0","0.1701","-14.6983",14306500
"14308990","Acid plutonic rocks","0.550186356442864","Metamorphics","0.164955000677733","0","0.0252","-14.2313",14308990
"14309500","Siliciclastic sedimentary rocks","0.863563337763922","Basic volcanic rocks","0.0952252489278625","0","0.1731","-14.8976",14309500
"14316700","Basic volcanic rocks","0.44468021683718","Mixed sedimentary rocks","0.373505933259641","0","0.1338","-13.5958",14316700
"14325000","Siliciclastic sedimentary rocks","0.903702098986525","Basic plutonic rocks","0.0629955178768763","0","0.1708","-15.1799",14325000
"14362250","Basic volcanic rocks","0.983481199230568","Acid plutonic rocks","0.0165188007694322","0","0.0887","-12.5264",14362250
"14400000","Siliciclastic sedimentary rocks","0.606239199718127","Basic plutonic rocks","0.28897450891912","0","0.1216","-14.7163",14400000
